0.733333,0.514667,1.000000,0.701800,0.772743,0.542325,0.598500,0.210000,0.534700,0.187200,0.000000,0.000000,0.000000
0.722333,0.511333,1.000000,0.707900,0.760618,0.538435,0.559100,0.218800,0.533700,0.185200,0.000000,0.000000,0.000000
0.726333,0.513000,1.000000,0.706300,0.765636,0.540759,0.544500,0.212700,0.538000,0.194600,0.000000,0.000000,0.000000
0.753000,0.521667,1.000000,0.692800,0.791798,0.548545,0.622200,0.191400,0.539200,0.192100,0.000000,0.000000,0.000000
0.740333,0.523000,1.000000,0.706400,0.773329,0.546309,0.561900,0.204000,0.542400,0.176600,0.000000,0.000000,0.000000
0.741000,0.525667,1.000000,0.709400,0.774834,0.549669,0.639500,0.210300,0.538000,0.197900,0.000000,0.000000,0.000000
0.747667,0.535667,1.000000,0.716500,0.785089,0.562478,0.663400,0.202700,0.547700,0.185500,0.000000,0.000000,0.000000
0.748000,0.515667,1.000000,0.689400,0.782700,0.539588,0.601600,0.201800,0.531600,0.181000,0.000000,0.000000,0.000000
0.722333,0.514000,1.000000,0.711600,0.763297,0.543149,0.569500,0.215400,0.538200,0.180300,0.000000,0.000000,0.000000
0.722333,0.517333,1.000000,0.716200,0.759019,0.543608,0.528500,0.213900,0.542700,0.192400,0.000000,0.000000,0.000000
0.722667,0.520333,1.000000,0.720000,0.761503,0.548296,0.531500,0.213900,0.548000,0.185200,0.000000,0.000000,0.000000
0.745333,0.515333,1.000000,0.691400,0.779094,0.538676,0.553600,0.197500,0.535400,0.193100,0.000000,0.000000,0.000000
0.727000,0.519333,1.000000,0.714400,0.759401,0.542479,0.566200,0.219300,0.537400,0.196800,0.000000,0.000000,0.000000
0.738333,0.526333,1.000000,0.712900,0.776920,0.553841,0.594300,0.200500,0.545500,0.204300,0.000000,0.000000,0.000000
0.747000,0.530000,1.000000,0.709500,0.779478,0.553043,0.628400,0.204300,0.543300,0.185800,0.000000,0.000000,0.000000
0.744000,0.516667,1.000000,0.694400,0.782609,0.543478,0.633900,0.204600,0.532200,0.194100,0.000000,0.000000,0.000000
0.732333,0.519667,1.000000,0.709600,0.767913,0.544914,0.539000,0.208700,0.543700,0.183300,0.000000,0.000000,0.000000
0.735667,0.520667,1.000000,0.707700,0.771678,0.546154,0.550500,0.204200,0.544000,0.196600,0.000000,0.000000,0.000000
0.740000,0.516667,1.000000,0.698200,0.776495,0.542148,0.564600,0.199800,0.537900,0.196800,0.000000,0.000000,0.000000
0.728333,0.509000,1.000000,0.698900,0.768825,0.537298,0.546800,0.208900,0.535300,0.201100,0.000000,0.000000,0.000000
0.732000,0.515333,1.000000,0.704000,0.769716,0.541886,0.581000,0.211800,0.533800,0.188600,0.000000,0.000000,0.000000
0.733667,0.514000,1.000000,0.700600,0.770119,0.539538,0.527300,0.205100,0.538600,0.182800,0.000000,0.000000,0.000000
0.731667,0.514333,1.000000,0.703000,0.767214,0.539322,0.494900,0.202000,0.542300,0.175600,0.000000,0.000000,0.000000
0.721667,0.519333,1.000000,0.719600,0.758053,0.545518,0.555900,0.219900,0.542600,0.190900,0.000000,0.000000,0.000000
0.735333,0.518000,1.000000,0.704400,0.772680,0.544308,0.576900,0.207000,0.538400,0.179800,0.000000,0.000000,0.000000
0.742000,0.519667,1.000000,0.700400,0.781876,0.547594,0.566800,0.196400,0.544000,0.191100,0.000000,0.000000,0.000000
0.731667,0.514000,1.000000,0.702500,0.773160,0.543149,0.546100,0.204000,0.541600,0.184000,0.000000,0.000000,0.000000
0.745333,0.511000,1.000000,0.685600,0.780181,0.534892,0.579800,0.200900,0.528600,0.187100,0.000000,0.000000,0.000000
0.734667,0.520667,1.000000,0.708700,0.770629,0.546154,0.628900,0.216000,0.534700,0.183300,0.000000,0.000000,0.000000
0.727667,0.513667,1.000000,0.705900,0.767581,0.541842,0.536200,0.209200,0.539700,0.197900,0.000000,0.000000,0.000000
0.739000,0.521333,1.000000,0.705500,0.773822,0.545899,0.648100,0.214200,0.532900,0.187100,0.000000,0.000000,0.000000
0.748333,0.527667,1.000000,0.705100,0.787443,0.555244,0.589700,0.192500,0.549200,0.193500,0.000000,0.000000,0.000000
0.744667,0.526000,1.000000,0.706400,0.781939,0.552328,0.598000,0.197600,0.544700,0.191100,0.000000,0.000000,0.000000
0.752000,0.521667,1.000000,0.693700,0.788260,0.546820,0.556000,0.188600,0.544000,0.184500,0.000000,0.000000,0.000000
0.742000,0.525667,1.000000,0.708400,0.778594,0.551591,0.609200,0.203500,0.544200,0.188700,0.000000,0.000000,0.000000
0.746667,0.513333,1.000000,0.687500,0.781304,0.537147,0.588200,0.201100,0.530500,0.195300,0.000000,0.000000,0.000000
0.719000,0.512000,1.000000,0.712100,0.754724,0.537439,0.506700,0.217300,0.540000,0.190600,0.000000,0.000000,0.000000
0.744000,0.527000,1.000000,0.708300,0.778786,0.551640,0.603300,0.201900,0.543400,0.207200,0.000000,0.000000,0.000000
0.723667,0.514667,1.000000,0.711200,0.763093,0.542707,0.495000,0.206500,0.545200,0.185000,0.000000,0.000000,0.000000
0.739667,0.518667,1.000000,0.701200,0.778596,0.545965,0.595700,0.203100,0.539000,0.185000,0.000000,0.000000,0.000000
0.820000,0.558000,0.298500,0.680500,0.878258,0.597644,0.977600,0.128200,0.576800,0.975800,0.340700,0.648400,1.000000
0.817667,0.543333,0.920700,0.664500,0.875759,0.581935,0.943400,0.128200,0.566900,0.984000,0.269100,0.728400,1.000000
0.822667,0.542333,0.675200,0.659200,0.885858,0.583991,0.888900,0.114600,0.572500,0.911000,0.304300,0.690800,1.000000
0.822000,0.551667,0.243200,0.671100,0.882922,0.592553,0.898600,0.119700,0.574500,0.922100,0.421400,0.560800,1.000000
0.829333,0.550000,0.345800,0.663200,0.885094,0.586980,0.973200,0.120100,0.569700,0.983000,0.356900,0.631300,1.000000
0.831667,0.553667,0.588000,0.665700,0.886953,0.590473,0.966700,0.117400,0.572200,0.967000,0.285300,0.708900,1.000000
0.831333,0.554333,0.840000,0.666800,0.891351,0.594353,0.942400,0.112200,0.574900,0.978400,0.265900,0.734100,1.000000
0.825000,0.550667,0.758500,0.667500,0.879218,0.586856,0.991800,0.127100,0.567200,0.861800,0.395300,0.596900,1.000000
0.808333,0.547000,0.254400,0.676700,0.874504,0.591778,0.981800,0.131800,0.573900,0.976300,0.393300,0.586700,1.000000
0.822000,0.557333,0.325000,0.678000,0.884188,0.599498,0.963500,0.121900,0.579400,0.894300,0.296000,0.680000,1.000000
0.812333,0.545333,0.360200,0.671300,0.875359,0.587644,0.927900,0.128400,0.572000,0.926000,0.361900,0.625400,1.000000
0.837000,0.554333,0.333800,0.662300,0.891374,0.590344,0.942100,0.112800,0.573100,0.961600,0.402400,0.581000,1.000000
0.829333,0.551000,0.302600,0.664400,0.883837,0.587211,0.982100,0.120800,0.570000,0.980200,0.359200,0.620700,1.000000
0.814667,0.547000,0.658000,0.671400,0.877874,0.589440,0.840900,0.120200,0.576300,0.937700,0.332300,0.661600,1.000000
0.830667,0.560000,0.234200,0.674200,0.886517,0.597652,0.992800,0.120900,0.575400,0.894200,0.315800,0.667800,1.000000
0.819667,0.546000,1.214000,0.666100,0.880731,0.586676,0.864900,0.119900,0.574100,0.979100,0.295900,0.701500,1.000000
0.814000,0.552333,0.363100,0.678500,0.872143,0.591786,0.903200,0.130500,0.576300,0.969100,0.421800,0.572300,1.000000
0.828000,0.551333,1.079700,0.665900,0.889048,0.591983,0.957600,0.115300,0.574800,0.984600,0.375900,0.620400,1.000000
0.828000,0.554667,0.364800,0.669900,0.886510,0.593862,0.982100,0.118400,0.576800,0.953100,0.289900,0.702900,1.000000
0.818667,0.547000,0.569200,0.668200,0.878712,0.587120,0.945500,0.125300,0.571400,0.943200,0.269400,0.722800,1.000000
0.826000,0.544667,0.314600,0.659400,0.885316,0.583780,0.954500,0.118800,0.567600,0.968900,0.386800,0.591200,1.000000
0.834000,0.552667,0.159100,0.662700,0.891026,0.590456,0.935000,0.112300,0.573600,0.941600,0.270100,0.675300,1.000000
0.833333,0.549333,0.199200,0.659200,0.893495,0.588992,0.958000,0.109700,0.572200,0.963600,0.336200,0.640600,1.000000
0.821667,0.551000,0.562300,0.670600,0.880357,0.590357,0.966900,0.124900,0.572500,0.917300,0.249300,0.745200,1.000000
0.826000,0.547667,0.857200,0.663000,0.883738,0.585949,0.981500,0.121800,0.568800,0.948800,0.369400,0.625000,1.000000
0.820000,0.549000,0.292100,0.669500,0.879828,0.589056,0.869200,0.121300,0.574100,0.969300,0.346200,0.638500,1.000000
0.820667,0.546333,0.438500,0.665700,0.885293,0.589356,0.867900,0.115200,0.576800,0.917100,0.278600,0.713100,1.000000
0.825000,0.558000,1.162000,0.676400,0.877971,0.593828,0.976700,0.128300,0.574200,0.952700,0.317500,0.676900,1.000000
0.828000,0.552667,0.490000,0.667500,0.887143,0.592143,0.937500,0.116500,0.574500,0.901100,0.267000,0.725100,1.000000
0.819333,0.541000,0.512900,0.660300,0.879113,0.580472,0.927800,0.124900,0.566300,0.938600,0.297800,0.694900,1.000000
0.821000,0.551667,0.511700,0.671900,0.875889,0.588549,0.937000,0.128200,0.570600,0.891500,0.368600,0.628600,1.000000
0.827667,0.550000,0.551200,0.664500,0.887737,0.589918,0.902400,0.114100,0.573800,0.917400,0.325100,0.663900,1.000000
0.820000,0.548667,1.543000,0.669100,0.879514,0.588488,0.951900,0.123800,0.573600,0.886800,0.371700,0.625700,1.000000
0.827667,0.560000,0.509800,0.676600,0.883630,0.597865,0.975400,0.121800,0.579400,0.908200,0.369900,0.613000,1.000000
0.826667,0.548667,0.508100,0.663700,0.887299,0.588909,0.920000,0.114900,0.572800,0.895300,0.297900,0.694500,1.000000
0.833000,0.547333,0.185800,0.657100,0.885542,0.581857,0.973000,0.118700,0.565400,0.902800,0.312300,0.653800,1.000000
0.823333,0.549000,0.645800,0.666800,0.882458,0.588424,0.945000,0.120800,0.572300,0.937800,0.463000,0.524700,1.000000
0.834000,0.547667,0.886000,0.656700,0.889758,0.584282,0.891700,0.111900,0.569300,0.950700,0.306200,0.688200,1.000000
0.823333,0.548667,0.414600,0.666400,0.887531,0.591448,0.973200,0.117300,0.573900,0.999400,0.388900,0.592600,1.000000
0.821333,0.557333,0.316500,0.678600,0.882521,0.598854,0.944400,0.122300,0.581000,0.974500,0.297500,0.684600,1.000000
0.824667,0.637333,0.113500,0.772800,0.865035,0.668531,0.982200,0.158900,0.610500,0.950000,0.433100,0.548600,2.000000
0.816000,0.635000,0.139900,0.778200,0.852962,0.663763,0.992300,0.173900,0.601800,0.980200,0.383600,0.600500,2.000000
0.830333,0.647000,0.102000,0.779200,0.863432,0.672790,0.995100,0.165500,0.609400,0.981300,0.490900,0.480500,2.000000
0.832333,0.640000,0.090400,0.768900,0.870642,0.669456,0.997500,0.158600,0.606200,0.925100,0.529100,0.448400,2.000000
0.833000,0.657333,0.082400,0.789100,0.861427,0.679766,0.973300,0.165400,0.617300,0.964600,0.455900,0.513200,2.000000
0.831333,0.640333,0.072200,0.770200,0.862677,0.664476,0.979800,0.159400,0.607500,0.990000,0.525900,0.422200,2.000000
0.831000,0.644333,0.092500,0.775400,0.865024,0.670715,0.987600,0.164200,0.609900,0.927400,0.388200,0.605900,2.000000
0.838667,0.641333,0.085500,0.764700,0.872702,0.667360,0.994900,0.152500,0.606600,0.924500,0.328200,0.643300,2.000000
0.821333,0.636000,0.070200,0.774400,0.860636,0.666434,0.959100,0.160300,0.613000,0.944200,0.481400,0.465400,2.000000
0.826000,0.646000,0.081600,0.782100,0.861314,0.673618,0.985300,0.165100,0.612300,0.995200,0.425300,0.541800,2.000000
0.817667,0.639667,0.178200,0.782300,0.854704,0.668641,0.992400,0.176200,0.607400,0.964100,0.395500,0.593300,2.000000
0.833333,0.643333,0.126200,0.772000,0.864753,0.667589,0.980400,0.159400,0.607700,0.956000,0.470300,0.518700,2.000000
0.822333,0.628667,0.076700,0.764500,0.855113,0.653726,0.962200,0.165400,0.600900,0.852600,0.358700,0.619600,2.000000
0.818667,0.656333,0.097100,0.801700,0.855749,0.686063,0.990900,0.173500,0.621000,0.924800,0.341600,0.642500,2.000000
0.830333,0.647000,0.095000,0.779200,0.861044,0.670930,0.992700,0.167100,0.609400,0.881200,0.408700,0.573100,2.000000
0.814000,0.641000,0.105200,0.787500,0.846741,0.666782,0.985100,0.181700,0.602900,0.947300,0.413600,0.566600,2.000000
0.827000,0.640667,0.077300,0.774700,0.858775,0.665282,0.957500,0.165900,0.607800,0.809900,0.342200,0.643700,2.000000
0.827000,0.641000,0.078800,0.775100,0.861758,0.667940,0.992300,0.164400,0.606700,0.924100,0.404400,0.584600,2.000000
0.829000,0.640667,0.195500,0.772800,0.863542,0.667361,0.997400,0.163000,0.606400,0.973300,0.366300,0.628700,2.000000
0.825667,0.654667,0.091800,0.792900,0.866387,0.686953,0.993100,0.164400,0.622000,0.956200,0.461200,0.518800,2.000000
0.832667,0.660000,0.063800,0.792600,0.867662,0.687739,0.995500,0.166000,0.616600,0.939900,0.432100,0.540800,2.000000
0.815667,0.633000,0.083500,0.776100,0.849653,0.659375,0.981100,0.174300,0.603100,0.957600,0.392500,0.565000,2.000000
0.834333,0.651333,0.078900,0.780700,0.871215,0.680125,0.990600,0.155400,0.618600,0.960500,0.441900,0.534900,2.000000
0.820000,0.644333,0.093100,0.785800,0.858040,0.674224,0.987600,0.170500,0.612400,0.981900,0.412500,0.569200,2.000000
0.832667,0.637000,0.117900,0.765000,0.868567,0.664465,0.964800,0.151800,0.606900,0.881800,0.477400,0.509700,2.000000
0.826333,0.639667,0.081100,0.774100,0.865271,0.669808,0.985200,0.161300,0.608200,0.944200,0.425100,0.550800,2.000000
0.833333,0.642333,0.165400,0.770800,0.870777,0.671195,0.997400,0.156500,0.609000,0.972900,0.443700,0.535200,2.000000
0.835000,0.641667,0.075200,0.768500,0.867983,0.667013,0.977000,0.156500,0.609200,0.985000,0.413900,0.535900,2.000000
0.841333,0.641000,0.071000,0.761900,0.874870,0.666551,0.982400,0.148600,0.607600,0.950600,0.491900,0.482700,2.000000
0.826000,0.651000,0.075700,0.788100,0.861015,0.678596,0.990400,0.169500,0.616200,0.950500,0.495500,0.464300,2.000000
0.830667,0.642667,0.151800,0.773700,0.863180,0.667821,0.987600,0.163800,0.607300,0.971600,0.460700,0.526200,2.000000
0.819333,0.640000,0.193900,0.781100,0.855552,0.668291,0.977600,0.172700,0.607600,0.997200,0.471500,0.518100,2.000000
0.833667,0.643333,0.081600,0.771700,0.871732,0.672708,1.000000,0.152600,0.614600,0.984400,0.408900,0.578800,2.000000
0.833333,0.646333,0.101600,0.775600,0.864454,0.670470,0.963700,0.156900,0.612200,0.921700,0.404400,0.582000,2.000000
0.829000,0.640000,0.076600,0.772000,0.863842,0.666898,0.945900,0.154300,0.610300,0.976700,0.407200,0.569300,2.000000
0.835333,0.640333,0.108400,0.766600,0.867128,0.664706,0.992500,0.159800,0.601600,0.942600,0.313700,0.679200,2.000000
0.829667,0.638333,0.080200,0.769400,0.863037,0.664008,0.992500,0.163000,0.602900,0.918300,0.483200,0.495100,2.000000
0.831667,0.639667,0.074600,0.769100,0.863023,0.663784,0.964400,0.158000,0.608500,0.859800,0.417900,0.543700,2.000000
0.827333,0.653667,0.090100,0.790100,0.862105,0.681139,0.995400,0.169300,0.614400,0.926200,0.354700,0.624700,2.000000
0.814000,0.651667,0.085000,0.800600,0.849391,0.680000,0.997500,0.185000,0.616400,0.921700,0.405800,0.570300,2.000000
0.885667,0.689000,0.028100,0.777900,0.954382,0.742457,0.990800,0.056500,0.679900,0.869100,0.694800,0.209300,3.000000
0.883333,0.685000,0.040700,0.775500,0.947444,0.734716,0.981800,0.062600,0.673300,0.819800,0.710700,0.214300,3.000000
0.880000,0.694667,0.028100,0.789400,0.945220,0.746151,0.984500,0.068400,0.680800,0.925200,0.651800,0.207700,3.000000
0.893000,0.682333,0.030100,0.764100,0.962630,0.735537,0.994300,0.048100,0.671400,0.761400,0.701900,0.200600,3.000000
0.879333,0.689667,0.030600,0.784300,0.945181,0.741311,0.998200,0.071000,0.674500,0.919300,0.678100,0.191800,3.000000
0.897333,0.682333,0.049400,0.760400,0.959373,0.729508,0.983100,0.049900,0.667500,0.938400,0.721600,0.230500,3.000000
0.892000,0.686000,0.033600,0.769100,0.958110,0.736842,0.981700,0.049200,0.675700,0.922800,0.710300,0.171300,3.000000
0.892000,0.696333,0.029100,0.780600,0.953671,0.744476,1.000000,0.061200,0.677300,0.921300,0.665600,0.180100,3.000000
0.892333,0.696000,0.040200,0.780000,0.955730,0.745448,0.994700,0.057800,0.679300,0.929300,0.710100,0.221500,3.000000
0.889667,0.685667,0.025200,0.770700,0.955603,0.736484,0.998100,0.056500,0.672300,0.931500,0.680700,0.189800,3.000000
0.874667,0.687333,0.049800,0.785800,0.946268,0.743599,0.990900,0.068500,0.679600,0.985600,0.776100,0.194000,3.000000
0.886333,0.695667,0.011100,0.784900,0.948626,0.744559,0.992900,0.065400,0.679600,0.326600,0.619200,0.256500,3.000000
0.890667,0.695667,0.032900,0.781100,0.951567,0.743234,0.984200,0.060300,0.677900,0.919700,0.703800,0.207000,3.000000
0.881000,0.694333,0.033300,0.788100,0.949695,0.748473,0.996400,0.067300,0.681200,0.926100,0.667700,0.230000,3.000000
0.879667,0.702667,0.034000,0.798800,0.942164,0.752588,0.994800,0.075300,0.685500,0.806600,0.677300,0.233200,3.000000
0.883000,0.699000,0.036100,0.791600,0.946071,0.748929,0.991400,0.070500,0.681800,0.939600,0.684200,0.210500,3.000000
0.894333,0.698000,0.017700,0.780500,0.958557,0.748124,0.984200,0.050000,0.685600,0.659100,0.569400,0.228300,3.000000
0.879000,0.699667,0.033700,0.796000,0.942122,0.749911,0.984600,0.070700,0.686000,0.799800,0.667800,0.252600,3.000000
0.895000,0.690333,0.024100,0.771300,0.961676,0.741762,0.996300,0.048700,0.677700,0.917600,0.656200,0.181200,3.000000
0.884333,0.684333,0.026900,0.773800,0.954660,0.738755,0.992600,0.056900,0.675300,0.929700,0.664600,0.212000,3.000000
0.887667,0.689000,0.031400,0.776200,0.952773,0.739535,0.989100,0.061100,0.673900,0.933900,0.692500,0.203000,3.000000
0.885667,0.696000,0.024600,0.785800,0.950286,0.746781,0.989500,0.062200,0.682500,0.934700,0.633000,0.226300,3.000000
0.885667,0.684333,0.029300,0.772700,0.954725,0.737693,0.979700,0.054700,0.676700,0.910700,0.627100,0.216900,3.000000
0.890667,0.696667,0.034300,0.782200,0.957363,0.748836,0.998200,0.057100,0.683200,0.920400,0.699300,0.233100,3.000000
0.891667,0.696333,0.020500,0.780900,0.957066,0.747406,0.996500,0.056300,0.679300,0.703900,0.645600,0.180400,3.000000
0.880333,0.703000,0.030400,0.798600,0.951026,0.759453,0.984700,0.061800,0.695500,0.925400,0.677400,0.200000,3.000000
0.889000,0.688333,0.044100,0.774300,0.959008,0.742539,0.992700,0.053000,0.678000,0.929000,0.722900,0.222900,3.000000
0.877000,0.691667,0.044900,0.788700,0.941998,0.742929,0.996300,0.074400,0.678300,0.942500,0.720000,0.200000,3.000000
0.893333,0.691000,0.030000,0.773500,0.956801,0.740093,0.992800,0.054100,0.674600,0.894200,0.621600,0.285300,3.000000
0.886667,0.686333,0.023400,0.774100,0.952722,0.737464,0.994500,0.062200,0.670800,0.826800,0.640200,0.229500,3.000000
0.889667,0.696667,0.031600,0.783100,0.945783,0.740609,0.986000,0.068800,0.673700,0.913500,0.698600,0.200000,3.000000
0.884000,0.688667,0.038600,0.779000,0.953614,0.742898,0.989100,0.057200,0.678900,0.880200,0.630900,0.265100,3.000000
0.888333,0.696667,0.031200,0.784200,0.952126,0.746695,0.993000,0.062500,0.678900,0.904500,0.670800,0.224600,3.000000
0.888667,0.696333,0.031300,0.783600,0.954871,0.748209,0.992800,0.058300,0.684200,0.943500,0.647500,0.266200,3.000000
0.881667,0.699333,0.025200,0.793200,0.949731,0.753321,0.991500,0.064300,0.687200,0.683000,0.655500,0.213400,3.000000
0.893333,0.686667,0.024300,0.768700,0.954756,0.733880,0.987400,0.055300,0.669300,0.910900,0.654300,0.188300,3.000000
0.889333,0.691667,0.033200,0.777700,0.956958,0.744261,0.989300,0.052500,0.681200,0.910100,0.690100,0.239800,3.000000
0.888667,0.697000,0.037900,0.784300,0.949430,0.744658,0.998200,0.066300,0.678000,0.925100,0.680400,0.240500,3.000000
0.886667,0.695667,0.032300,0.784600,0.954089,0.748565,0.994700,0.060300,0.682400,0.927400,0.640200,0.265200,3.000000
0.893000,0.698333,0.021200,0.782000,0.952026,0.744492,0.987800,0.059200,0.679700,0.685800,0.635600,0.250700,3.000000
0.888000,0.687333,0.027200,0.774000,0.956897,0.740661,0.990900,0.053400,0.676000,0.583600,0.615700,0.205200,4.000000
0.883000,0.688333,0.034500,0.779500,0.947086,0.738291,0.998200,0.068700,0.670800,0.553200,0.617400,0.280300,4.000000
0.893333,0.702667,0.029700,0.786600,0.959542,0.754744,0.998300,0.053500,0.687800,0.555900,0.614200,0.259800,4.000000
0.886000,0.697667,0.035400,0.787400,0.955084,0.752066,0.991300,0.057800,0.686500,0.611100,0.662700,0.218300,4.000000
0.883333,0.699333,0.041200,0.791700,0.949480,0.751702,0.993000,0.065800,0.684400,0.551700,0.620600,0.292500,4.000000
0.892333,0.684000,0.025200,0.766500,0.954027,0.731290,0.983100,0.053900,0.670200,0.553100,0.604900,0.202800,4.000000
0.892000,0.690667,0.021700,0.774300,0.958110,0.741855,0.994600,0.052600,0.677500,0.535500,0.487600,0.360900,4.000000
0.895000,0.695667,0.023400,0.777300,0.956878,0.743763,0.996400,0.057500,0.677300,0.445500,0.604700,0.243200,4.000000
0.892667,0.698667,0.021300,0.782700,0.956087,0.748304,0.993000,0.055500,0.682300,0.360100,0.523500,0.310500,4.000000
0.885667,0.704000,0.032300,0.794900,0.951307,0.756176,0.988200,0.062000,0.690400,0.539500,0.612500,0.276800,4.000000
0.879000,0.694000,0.034900,0.789500,0.950956,0.750811,0.986000,0.062400,0.685500,0.576700,0.636000,0.252000,4.000000
0.884333,0.698667,0.021500,0.790000,0.946486,0.747770,0.991300,0.068700,0.681800,0.541500,0.457700,0.357400,4.000000
0.894000,0.698667,0.024600,0.781500,0.955128,0.746439,0.986100,0.055400,0.681700,0.541100,0.644400,0.197200,4.000000
0.879667,0.702333,0.022700,0.798400,0.948257,0.757097,0.996600,0.068400,0.689200,0.548700,0.594100,0.205000,4.000000
0.877667,0.705667,0.032200,0.804000,0.940021,0.755801,0.984900,0.076200,0.690000,0.542900,0.633600,0.255700,4.000000
0.887667,0.695333,0.027200,0.783300,0.951071,0.745000,0.993000,0.063800,0.676300,0.455100,0.635700,0.260700,4.000000
0.886333,0.698333,0.011900,0.787900,0.949982,0.748482,0.977700,0.059400,0.685700,0.383200,0.577300,0.307600,4.000000
0.884667,0.695667,0.037900,0.786400,0.948196,0.745623,0.994700,0.065600,0.678700,0.553900,0.629800,0.238300,4.000000
0.893667,0.689333,0.026500,0.771400,0.960244,0.740688,0.992700,0.049000,0.678100,0.447700,0.652200,0.199300,4.000000
0.883000,0.691333,0.008300,0.782900,0.953221,0.746312,0.985800,0.058100,0.682700,0.464200,0.472100,0.246800,4.000000
0.889333,0.695667,0.026700,0.782200,0.954562,0.746691,0.998200,0.057300,0.680600,0.475000,0.585800,0.313900,4.000000
0.878667,0.709000,0.024200,0.806900,0.942775,0.760730,0.991700,0.074000,0.692400,0.598500,0.549800,0.265700,4.000000
0.886333,0.691000,0.035000,0.779600,0.955444,0.744880,0.989100,0.054900,0.683200,0.556400,0.632900,0.240500,4.000000
0.887333,0.702333,0.030000,0.791500,0.953780,0.754927,0.994900,0.060800,0.687400,0.574000,0.611100,0.257900,4.000000
0.894000,0.696000,0.023100,0.778500,0.959571,0.747048,0.993000,0.050700,0.682200,0.542300,0.547100,0.260900,4.000000
0.885667,0.707667,0.022900,0.799000,0.956788,0.764494,0.988300,0.054900,0.700500,0.549300,0.592400,0.210100,4.000000
0.888000,0.689333,0.024400,0.776300,0.957929,0.743617,0.983800,0.051900,0.681400,0.505100,0.549300,0.307000,4.000000
0.881333,0.694667,0.030100,0.788200,0.946652,0.746151,0.992800,0.068500,0.681800,0.584800,0.586600,0.267700,4.000000
0.893333,0.703667,0.029000,0.787700,0.956801,0.753659,0.991600,0.056500,0.686500,0.517000,0.471500,0.433500,4.000000
0.893667,0.698667,0.007000,0.781800,0.960244,0.750716,0.989500,0.050300,0.685800,0.342900,0.480400,0.303600,4.000000
0.889000,0.688000,0.022100,0.773900,0.945074,0.731396,0.966300,0.061800,0.670900,0.463100,0.604300,0.205000,4.000000
0.884333,0.704667,0.031800,0.796800,0.953973,0.760158,0.991600,0.058900,0.693900,0.562200,0.630000,0.234400,4.000000
0.890000,0.690000,0.016700,0.775300,0.953912,0.739550,0.992700,0.057900,0.674300,0.524100,0.449300,0.345200,4.000000
0.888333,0.699667,0.005400,0.787600,0.954513,0.751791,0.989600,0.057100,0.687200,0.265300,0.498000,0.304400,4.000000
0.892000,0.696333,0.028100,0.780600,0.960862,0.750090,0.994700,0.051100,0.684300,0.544200,0.577800,0.277800,4.000000
0.892333,0.707000,0.024800,0.792300,0.953687,0.755611,0.995100,0.060300,0.687700,0.511600,0.451500,0.415200,4.000000
0.886333,0.689333,0.023700,0.777700,0.953730,0.741750,0.980300,0.055400,0.679500,0.517200,0.493600,0.334400,4.000000
0.893333,0.701000,0.033800,0.784700,0.954416,0.748932,0.994800,0.058100,0.682400,0.540200,0.540700,0.340700,4.000000
0.886333,0.696000,0.032700,0.785300,0.953730,0.748924,0.989500,0.057600,0.684400,0.683900,0.544100,0.321800,4.000000
0.898000,0.693333,0.024800,0.772100,0.957356,0.739161,0.987400,0.052100,0.676200,0.565300,0.559900,0.257000,4.000000
0.819000,0.585000,0.175400,0.714300,0.870042,0.621459,0.955000,0.140200,0.589600,0.866200,0.280000,0.705700,5.000000
0.810000,0.572000,0.296500,0.706200,0.863233,0.609591,0.989000,0.148100,0.580900,0.999700,0.419000,0.569200,5.000000
0.812000,0.570000,0.140900,0.702000,0.869069,0.610061,0.958800,0.140200,0.582300,0.921700,0.296300,0.672800,5.000000
0.821667,0.574667,0.225400,0.699400,0.877536,0.613742,0.942000,0.131100,0.584500,0.965400,0.364800,0.622600,5.000000
0.824333,0.581000,0.280100,0.704800,0.873852,0.615901,0.995200,0.138000,0.584200,0.968900,0.358300,0.614200,5.000000
0.812333,0.572667,0.174200,0.705000,0.862350,0.607926,0.940300,0.145900,0.579600,0.938100,0.428600,0.545500,5.000000
0.819000,0.574333,0.179800,0.701300,0.870659,0.610560,0.963700,0.138500,0.581800,0.991700,0.340400,0.643600,5.000000
0.821667,0.575667,0.147400,0.700600,0.871025,0.610247,0.989100,0.138500,0.581500,0.930400,0.401400,0.573900,5.000000
0.809333,0.574000,0.167000,0.709200,0.866215,0.614342,0.958800,0.142900,0.586700,0.997700,0.415000,0.565200,5.000000
0.821333,0.575000,0.174800,0.700100,0.875622,0.613006,0.978500,0.134200,0.585100,0.964200,0.506000,0.453800,5.000000
0.813000,0.578667,0.268500,0.711800,0.867972,0.617794,0.975700,0.143100,0.587200,0.971800,0.379800,0.610600,5.000000
0.827333,0.577000,0.129300,0.697400,0.876722,0.611445,0.983900,0.135400,0.582200,0.974200,0.354400,0.627600,5.000000
0.822000,0.578667,0.152600,0.704000,0.870763,0.612994,0.961700,0.140500,0.581200,0.915700,0.376900,0.614000,5.000000
0.817000,0.577667,0.269500,0.707100,0.873485,0.617605,0.984900,0.137600,0.587300,0.961100,0.440700,0.551900,5.000000
0.815333,0.574333,0.199600,0.704400,0.864616,0.609049,0.959000,0.144300,0.581600,0.894300,0.320000,0.672000,5.000000
0.811667,0.577667,0.162800,0.711700,0.864395,0.615193,0.966500,0.146700,0.583500,0.989500,0.382900,0.605900,5.000000
0.818000,0.573333,0.133800,0.700900,0.868673,0.608850,0.957900,0.141600,0.579300,0.929600,0.427500,0.545100,5.000000
0.819000,0.580000,0.249700,0.708200,0.873134,0.618337,0.990200,0.138500,0.586600,0.974100,0.336700,0.659900,5.000000
0.818667,0.595000,0.196500,0.726800,0.871231,0.633203,0.987200,0.142600,0.597100,0.982400,0.395300,0.585000,5.000000
0.814667,0.577667,0.234900,0.709100,0.868823,0.616068,0.974500,0.141200,0.587000,0.966600,0.457900,0.538700,5.000000
0.821000,0.585667,0.128700,0.713400,0.870934,0.621287,1.000000,0.143600,0.586700,0.961400,0.334600,0.650400,5.000000
0.810000,0.574000,0.176600,0.708600,0.862314,0.611072,0.962400,0.147200,0.584000,0.875000,0.307200,0.673200,5.000000
0.824667,0.574333,0.129500,0.696400,0.878863,0.612078,0.955400,0.129600,0.583100,0.974400,0.366700,0.604200,5.000000
0.815000,0.587667,0.168100,0.721100,0.867021,0.625177,0.982200,0.146700,0.590600,0.980900,0.269000,0.713800,5.000000
0.815333,0.573667,0.240200,0.703600,0.865841,0.609204,0.959600,0.143300,0.580600,0.923500,0.447400,0.537600,5.000000
0.821000,0.576667,0.257100,0.702400,0.874956,0.614565,0.962300,0.133900,0.584000,0.979100,0.467700,0.524700,5.000000
0.803667,0.575667,0.197100,0.716300,0.861071,0.616786,0.948500,0.146800,0.590100,0.970200,0.484000,0.500000,5.000000
0.820333,0.580667,0.144100,0.707800,0.865331,0.612518,0.971300,0.145900,0.581600,0.881400,0.416700,0.554600,5.000000
0.825667,0.573000,0.177300,0.694000,0.876194,0.608065,0.959400,0.133200,0.579100,0.957100,0.310800,0.686200,5.000000
0.816333,0.579667,0.178200,0.710100,0.869056,0.617104,0.946600,0.140800,0.587500,0.922600,0.340400,0.647400,5.000000
0.828333,0.577000,0.230300,0.696600,0.877782,0.611445,0.995100,0.133200,0.579900,0.938200,0.370800,0.625500,5.000000
0.811667,0.578667,0.215900,0.712900,0.863781,0.615821,0.971400,0.147900,0.583800,0.993500,0.453800,0.526100,5.000000
0.817667,0.570667,0.305700,0.697900,0.870785,0.607739,0.994400,0.141700,0.578600,0.966300,0.395500,0.600700,5.000000
0.819000,0.574000,0.207200,0.700900,0.870042,0.609773,0.989100,0.140900,0.580600,0.970900,0.505000,0.470300,5.000000
0.825000,0.574333,0.135300,0.696200,0.878906,0.611861,0.939700,0.128700,0.583100,0.800600,0.469800,0.518600,5.000000
0.820333,0.574000,0.149200,0.699700,0.866549,0.606338,0.963000,0.142900,0.579200,0.946500,0.381000,0.612200,5.000000
0.811333,0.566333,0.300900,0.698000,0.864040,0.603124,0.973100,0.145000,0.574800,0.918300,0.436100,0.554500,5.000000
0.829333,0.580333,0.444300,0.699800,0.877911,0.614326,0.961900,0.132000,0.583800,0.981500,0.403400,0.583700,5.000000
0.814667,0.573333,0.130500,0.703800,0.870991,0.612972,0.949000,0.137600,0.584600,0.948600,0.422900,0.555600,5.000000
0.812667,0.575667,0.168500,0.708400,0.867616,0.614591,0.952600,0.143500,0.585400,0.912600,0.375400,0.618100,5.000000
0.766000,0.582000,0.026200,0.759800,0.824838,0.626705,0.587400,0.129100,0.594000,0.720300,0.394700,0.550300,6.000000
0.737667,0.511667,0.030500,0.693600,0.888042,0.615971,0.555000,0.078700,0.593700,0.732400,0.434900,0.533300,6.000000
0.779667,0.601000,0.039000,0.770800,0.934479,0.720336,0.879700,0.051300,0.609600,0.825600,0.207000,0.772400,6.000000
0.751000,0.543667,0.026500,0.723900,0.903006,0.653707,0.572000,0.060700,0.630400,0.658400,0.361400,0.578300,6.000000
0.749000,0.525000,0.023000,0.700900,0.897006,0.628743,0.497600,0.065000,0.616400,0.514000,0.444200,0.524600,6.000000
0.804667,0.657333,0.042100,0.816900,0.934211,0.763158,0.951300,0.060800,0.589600,0.845200,0.259400,0.718100,6.000000
0.754333,0.552000,0.036400,0.731800,0.917680,0.671533,0.653700,0.049200,0.630800,0.823500,0.374800,0.598800,6.000000
0.791333,0.602000,0.037600,0.760700,0.937969,0.713552,0.931500,0.054600,0.588800,0.912900,0.145200,0.838200,6.000000
0.787667,0.672333,0.042200,0.853600,0.931782,0.795347,0.966700,0.068700,0.606100,0.843400,0.304100,0.679300,6.000000
0.743000,0.530333,0.029000,0.713800,0.900606,0.642828,0.571400,0.069500,0.623000,0.748700,0.347200,0.595200,6.000000
0.727333,0.519333,0.024200,0.714000,0.876305,0.625703,0.538800,0.090300,0.604900,0.646500,0.471800,0.481200,6.000000
0.746667,0.591000,0.022900,0.791500,0.894569,0.708067,0.773600,0.074900,0.615300,0.738600,0.438900,0.493800,6.000000
0.741000,0.524000,0.015900,0.707200,0.885657,0.626295,0.549500,0.079200,0.604700,0.630800,0.470400,0.437900,6.000000
0.769000,0.587667,0.046200,0.764200,0.938950,0.717542,0.870400,0.048600,0.623600,0.888500,0.212200,0.771800,6.000000
0.743333,0.524333,0.034100,0.705400,0.898469,0.633763,0.572800,0.068900,0.609700,0.818000,0.382500,0.589200,6.000000
0.742667,0.530667,0.014400,0.714500,0.898749,0.642194,0.534800,0.061200,0.624000,0.616300,0.445700,0.445700,6.000000
0.705000,0.507000,0.020000,0.719100,0.857317,0.616538,0.566500,0.109300,0.592800,0.744300,0.460400,0.487200,6.000000
0.728333,0.510667,0.012100,0.701100,0.875752,0.614028,0.545500,0.090700,0.595300,0.767400,0.502900,0.375700,6.000000
0.751667,0.554667,0.041700,0.737900,0.914807,0.675051,0.614100,0.051600,0.645900,0.867800,0.179300,0.801500,6.000000
0.729333,0.533667,0.033700,0.731700,0.888348,0.650020,0.572000,0.071500,0.620200,0.683300,0.382800,0.600700,6.000000
0.759667,0.548000,0.034300,0.721400,0.891977,0.643444,0.620400,0.079000,0.614000,0.835300,0.252400,0.701200,6.000000
0.747000,0.545667,0.037800,0.730500,0.907655,0.663021,0.655600,0.057900,0.617300,0.774000,0.419100,0.553700,6.000000
0.740333,0.559667,0.020600,0.756000,0.875789,0.662066,0.680500,0.088200,0.599800,0.830400,0.427400,0.509400,6.000000
0.723333,0.528000,0.025600,0.730000,0.897807,0.655358,0.572100,0.066600,0.633800,0.610600,0.368400,0.600900,6.000000
0.748333,0.541000,0.038300,0.722900,0.810469,0.585921,0.573400,0.152500,0.558000,0.721700,0.397800,0.576900,6.000000
0.731000,0.598667,0.022600,0.819000,0.895468,0.733361,0.821000,0.077000,0.614500,0.772800,0.535300,0.439500,6.000000
0.723000,0.510000,0.020700,0.705400,0.866906,0.611511,0.584100,0.101800,0.583200,0.672200,0.468000,0.464400,6.000000
0.745667,0.576667,0.035500,0.773400,0.891235,0.689243,0.615200,0.059500,0.641200,0.773800,0.344600,0.612300,6.000000
0.739333,0.539333,0.028800,0.729500,0.893634,0.651894,0.619800,0.069800,0.612100,0.734800,0.206900,0.778800,6.000000
0.748333,0.534667,0.030600,0.714500,0.907804,0.648605,0.629500,0.060800,0.613400,0.784000,0.369600,0.612100,6.000000
0.751000,0.587000,0.032700,0.781600,0.885961,0.692489,0.722500,0.077700,0.610400,0.759800,0.377500,0.581700,6.000000
0.767333,0.538333,0.022200,0.701600,0.923756,0.648074,0.550300,0.044300,0.631200,0.504900,0.374800,0.575100,6.000000
0.770333,0.603333,0.028200,0.783200,0.926624,0.725742,0.936300,0.068000,0.595500,0.770700,0.404100,0.534600,6.000000
0.770667,0.556667,0.036900,0.722300,0.860119,0.621280,0.610000,0.103300,0.584300,0.760500,0.371200,0.592000,6.000000
0.743667,0.551667,0.034200,0.741800,0.905071,0.671400,0.624500,0.057700,0.631400,0.712400,0.223900,0.731000,6.000000
0.750333,0.551667,0.027800,0.735200,0.872481,0.641473,0.566800,0.081600,0.607000,0.836100,0.393700,0.576200,6.000000
0.758667,0.552000,0.022800,0.727600,0.904610,0.658188,0.761700,0.071300,0.591700,0.782000,0.399400,0.561500,6.000000
0.728333,0.541667,0.017300,0.743700,0.869479,0.646637,0.606700,0.089800,0.608300,0.578400,0.510200,0.460800,6.000000
0.748667,0.533000,0.032300,0.711900,0.911526,0.648945,0.580800,0.057900,0.627000,0.733800,0.353600,0.619400,6.000000
0.748667,0.561000,0.021600,0.749300,0.888801,0.666007,0.632100,0.069100,0.616700,0.767600,0.419700,0.483900,6.000000
0.785333,0.639333,0.279600,0.814100,0.832803,0.677978,0.994900,0.195500,0.623300,0.999200,0.240400,0.742600,7.000000
0.775667,0.645333,0.168200,0.832000,0.819944,0.682171,0.997600,0.212400,0.626100,0.989800,0.260400,0.719900,7.000000
0.771000,0.646000,0.191100,0.837900,0.818471,0.685775,0.976200,0.210500,0.633900,0.999100,0.255400,0.732900,7.000000
0.799333,0.651333,0.204200,0.814800,0.844664,0.688271,0.990700,0.183800,0.632500,0.999200,0.311700,0.665900,7.000000
0.805667,0.654333,0.157600,0.812200,0.848368,0.689014,0.993200,0.179600,0.631700,0.981700,0.235200,0.743900,7.000000
0.786333,0.648333,0.469200,0.824500,0.824537,0.679832,0.965300,0.203400,0.626500,0.970400,0.231500,0.761300,7.000000
0.793667,0.647000,0.262300,0.815200,0.838971,0.683932,0.971800,0.186400,0.631000,0.997400,0.328600,0.657100,7.000000
0.793667,0.656000,0.263100,0.826500,0.833683,0.689076,0.993200,0.197400,0.631200,0.969300,0.220600,0.766900,7.000000
0.776667,0.657333,0.274700,0.846400,0.828887,0.701530,0.995600,0.204900,0.642300,0.999600,0.225500,0.765200,7.000000
0.786000,0.658333,0.298400,0.837600,0.831160,0.696158,0.991000,0.200700,0.638200,0.998700,0.247600,0.736900,7.000000
0.777333,0.653333,0.134400,0.840500,0.825487,0.693805,0.988700,0.206200,0.637000,0.999600,0.246900,0.722400,7.000000
0.785667,0.648333,0.351800,0.825200,0.827018,0.682456,0.983100,0.201400,0.629100,0.999600,0.270200,0.719800,7.000000
0.792333,0.651333,0.277700,0.822000,0.831992,0.683934,0.983200,0.195600,0.630500,1.000000,0.246600,0.743700,7.000000
0.789667,0.659333,0.150300,0.835000,0.837398,0.699187,0.976100,0.190800,0.644100,0.920000,0.204200,0.783000,7.000000
0.784333,0.656333,0.295600,0.836800,0.824457,0.689909,0.993200,0.207400,0.632500,1.000000,0.217900,0.766900,7.000000
0.791000,0.659000,0.266000,0.833100,0.835563,0.696127,0.980100,0.193200,0.640200,0.983100,0.350200,0.635900,7.000000
0.781667,0.647000,0.126500,0.827700,0.825995,0.683691,0.992700,0.204000,0.628900,1.000000,0.258400,0.703400,7.000000
0.788333,0.643000,0.174600,0.815600,0.834510,0.680663,0.997500,0.193100,0.626900,0.978600,0.226700,0.755000,7.000000
0.802333,0.654000,0.278400,0.815100,0.846343,0.689873,0.981200,0.179400,0.635400,0.998800,0.280600,0.704600,7.000000
0.786667,0.647667,0.139300,0.823300,0.836583,0.688763,0.985600,0.191000,0.634900,0.978900,0.188000,0.779900,7.000000
0.791000,0.648667,0.215600,0.820100,0.835563,0.685211,0.986200,0.192600,0.629300,1.000000,0.250500,0.735500,7.000000
0.785333,0.646667,0.166300,0.823400,0.829577,0.683099,0.971800,0.196000,0.630200,1.000000,0.288400,0.686700,7.000000
0.789333,0.654667,0.163400,0.829400,0.837045,0.694238,0.997700,0.192400,0.638800,0.997500,0.219600,0.754900,7.000000
0.789000,0.652667,0.229200,0.827200,0.834626,0.690409,0.990700,0.195000,0.634000,0.995000,0.254800,0.730000,7.000000
0.787333,0.651000,0.265100,0.826800,0.831690,0.687676,0.988500,0.197800,0.632300,0.991900,0.300600,0.680600,7.000000
0.784667,0.651000,0.281800,0.829700,0.831508,0.689862,0.997700,0.199500,0.633800,0.998700,0.213600,0.777200,7.000000
0.784667,0.643667,0.186700,0.820300,0.834456,0.684509,0.990100,0.192300,0.630600,0.999200,0.267800,0.711300,7.000000
0.793000,0.648667,0.338200,0.818000,0.833275,0.681611,0.988000,0.193900,0.627400,0.999200,0.304400,0.682900,7.000000
0.793667,0.661000,0.344800,0.832800,0.837496,0.697503,0.989200,0.192500,0.640300,0.997500,0.257600,0.729000,7.000000
0.783333,0.646667,0.311900,0.825500,0.828340,0.683821,0.978300,0.198500,0.632200,0.998400,0.277700,0.710300,7.000000
0.789333,0.646333,0.221800,0.818800,0.831461,0.680829,0.990400,0.197300,0.626700,0.999600,0.308700,0.673400,7.000000
0.787333,0.651333,0.273600,0.827300,0.834629,0.690459,0.972600,0.191500,0.637500,0.960100,0.268300,0.719100,7.000000
0.784333,0.650667,0.280200,0.829600,0.828521,0.687324,0.988300,0.201000,0.631900,1.000000,0.197600,0.786400,7.000000
0.800333,0.656333,0.290000,0.820100,0.843048,0.691362,0.997700,0.185800,0.634900,1.000000,0.221400,0.763800,7.000000
0.800333,0.661333,0.202900,0.826300,0.841570,0.695408,0.993500,0.189000,0.636100,0.999600,0.280900,0.706000,7.000000
0.794333,0.651667,0.149500,0.820400,0.834968,0.685004,0.986000,0.193000,0.628700,0.982200,0.246400,0.725000,7.000000
0.786333,0.650333,0.197400,0.827000,0.831805,0.687941,0.990700,0.198500,0.631500,0.999600,0.276800,0.699800,7.000000
0.793667,0.649667,0.316700,0.818600,0.835732,0.684100,0.997600,0.194400,0.628100,0.998000,0.233900,0.756300,7.000000
0.781667,0.650333,0.157900,0.832000,0.828622,0.689399,0.990700,0.201700,0.633900,0.999100,0.261600,0.710300,7.000000
0.789000,0.660000,0.387600,0.836500,0.837580,0.700637,0.993300,0.194400,0.642600,0.999200,0.258300,0.733300,7.000000
0.726000,0.726000,0.001400,1.000000,0.732840,0.732840,0.567000,0.082100,0.733200,0.160000,0.285000,0.327000,8.000000
0.708333,0.708333,0.000800,1.000000,0.714286,0.714286,0.535000,0.085300,0.739800,0.150700,0.132100,0.222900,8.000000
0.712667,0.712333,0.001100,0.999500,0.717209,0.716874,0.534700,0.083000,0.752600,0.178800,0.178900,0.271100,8.000000
0.735333,0.735333,0.001400,1.000000,0.740268,0.740268,0.576800,0.078100,0.740700,0.145800,0.255100,0.350400,8.000000
0.731333,0.731333,0.000900,1.000000,0.736242,0.736242,0.566900,0.074500,0.741300,0.145100,0.199800,0.237900,8.000000
0.726667,0.726333,0.001100,0.999500,0.732773,0.732437,0.564300,0.079100,0.733900,0.179700,0.206400,0.260800,8.000000
0.728667,0.728333,0.000700,0.999500,0.735284,0.734948,0.565000,0.075900,0.731800,0.144800,0.118600,0.204900,8.000000
0.727000,0.727000,0.000800,1.000000,0.732863,0.732863,0.563600,0.079800,0.734500,0.161100,0.125900,0.203200,8.000000
0.708333,0.708000,0.000800,0.999500,0.715970,0.715633,0.538100,0.088300,0.745000,0.140300,0.140700,0.228500,8.000000
0.716000,0.716000,0.000900,1.000000,0.720564,0.720564,0.546600,0.086000,0.740500,0.172900,0.157600,0.222900,8.000000
0.718667,0.718333,0.000900,0.999500,0.725437,0.725101,0.537600,0.072900,0.755800,0.147400,0.155500,0.255000,8.000000
0.728000,0.728000,0.001000,1.000000,0.735601,0.735601,0.575700,0.084900,0.731600,0.152300,0.156700,0.261500,8.000000
0.712000,0.712000,0.001000,1.000000,0.719192,0.719192,0.542200,0.085800,0.750300,0.173500,0.160500,0.254300,8.000000
0.729667,0.729667,0.001100,1.000000,0.736293,0.736293,0.571200,0.080000,0.747800,0.221600,0.147500,0.245800,8.000000
0.730000,0.730000,0.001000,1.000000,0.735146,0.735146,0.566200,0.075100,0.729600,0.193100,0.141700,0.241200,8.000000
0.716000,0.715667,0.000800,0.999500,0.722017,0.721681,0.540000,0.078800,0.748100,0.139700,0.134900,0.226400,8.000000
0.718000,0.717667,0.000800,0.999500,0.724764,0.724428,0.542400,0.076800,0.745600,0.139000,0.144400,0.235200,8.000000
0.733000,0.733000,0.000900,1.000000,0.741653,0.741653,0.574000,0.073200,0.740200,0.176300,0.149300,0.249700,8.000000
0.723667,0.723667,0.000800,1.000000,0.731716,0.731716,0.569300,0.086700,0.731200,0.137900,0.139500,0.208300,8.000000
0.714000,0.714000,0.001100,1.000000,0.718551,0.718551,0.540900,0.083000,0.736200,0.169400,0.178900,0.283900,8.000000
0.716333,0.716333,0.000900,1.000000,0.722353,0.722353,0.547800,0.083400,0.734100,0.182700,0.151500,0.228600,8.000000
0.715333,0.715333,0.001000,1.000000,0.722802,0.722802,0.546500,0.080700,0.736800,0.161700,0.165500,0.262300,8.000000
0.724667,0.724000,0.000900,0.999100,0.731002,0.730330,0.556800,0.076500,0.737000,0.187600,0.157900,0.221200,8.000000
0.718333,0.718333,0.001400,1.000000,0.723397,0.723397,0.543200,0.079400,0.753900,0.178100,0.279200,0.323700,8.000000
0.712000,0.711333,0.000700,0.999100,0.717983,0.717311,0.537300,0.083100,0.742800,0.128300,0.130300,0.211300,8.000000
0.729333,0.729000,0.000900,0.999500,0.735957,0.735621,0.559000,0.072700,0.747400,0.141500,0.146900,0.247700,8.000000
0.715000,0.714667,0.001400,0.999500,0.722952,0.722615,0.543800,0.080000,0.747800,0.120100,0.284500,0.375300,8.000000
0.722000,0.721667,0.001000,0.999500,0.728557,0.728221,0.563900,0.086700,0.726300,0.201800,0.151800,0.239300,8.000000
0.719333,0.719000,0.001500,0.999500,0.727825,0.727487,0.561400,0.085700,0.733100,0.142500,0.279900,0.368700,8.000000
0.716000,0.716000,0.000900,1.000000,0.724452,0.724452,0.550200,0.081100,0.746300,0.194800,0.140700,0.228100,8.000000
0.720667,0.720667,0.001000,1.000000,0.725260,0.725260,0.556600,0.084200,0.735500,0.177400,0.162100,0.233600,8.000000
0.726667,0.726667,0.000800,1.000000,0.733760,0.733760,0.548200,0.067900,0.766400,0.162200,0.151200,0.218300,8.000000
0.725333,0.725333,0.000900,1.000000,0.732167,0.732167,0.558500,0.075900,0.737100,0.168300,0.138600,0.235500,8.000000
0.732333,0.731667,0.000900,0.999100,0.738487,0.737815,0.566900,0.071700,0.748900,0.165200,0.150000,0.233900,8.000000
0.733667,0.733333,0.000800,0.999500,0.741327,0.740990,0.572900,0.071500,0.734600,0.131000,0.127200,0.233800,8.000000
0.726333,0.726333,0.001000,1.000000,0.733670,0.733670,0.567500,0.080600,0.731100,0.178900,0.184100,0.258900,8.000000
0.718000,0.717667,0.000900,0.999500,0.723547,0.723211,0.547100,0.081400,0.743700,0.154300,0.166600,0.244100,8.000000
0.730000,0.730000,0.001200,1.000000,0.736630,0.736630,0.575600,0.081800,0.730400,0.200800,0.213900,0.287500,8.000000
0.718000,0.717667,0.000900,0.999500,0.725008,0.724672,0.548700,0.080900,0.745000,0.198300,0.139300,0.212500,8.000000
0.716000,0.716000,0.001500,1.000000,0.724452,0.724452,0.552800,0.084200,0.741300,0.181800,0.275300,0.311100,8.000000
0.799000,0.638333,0.063100,0.798900,0.831714,0.664469,0.992400,0.194100,0.611700,1.000000,0.077600,0.909700,9.000000
0.808667,0.630667,0.048800,0.779900,0.840319,0.655352,0.970600,0.179700,0.607700,1.000000,0.057600,0.918300,9.000000
0.815333,0.650667,0.064400,0.798000,0.844322,0.673800,0.992900,0.181700,0.618100,1.000000,0.081600,0.903500,9.000000
0.806333,0.638667,0.068100,0.792100,0.843739,0.668294,0.997400,0.181500,0.616100,1.000000,0.085500,0.906000,9.000000
0.806000,0.642000,0.027400,0.796500,0.841629,0.670379,0.973400,0.182300,0.617100,0.865000,0.082500,0.883300,9.000000
0.825000,0.650333,0.074300,0.788300,0.852860,0.672295,0.988200,0.171000,0.617300,0.995800,0.085700,0.906900,9.000000
0.821333,0.649333,0.055800,0.790600,0.851711,0.673349,0.972200,0.170300,0.619600,1.000000,0.057100,0.924600,9.000000
0.806000,0.634000,0.062200,0.786600,0.842802,0.662949,0.997300,0.181500,0.612300,0.997800,0.105800,0.879500,9.000000
0.802667,0.650667,0.034700,0.810600,0.832930,0.675199,0.990600,0.195100,0.620000,1.000000,0.133500,0.834300,9.000000
0.811333,0.646000,0.060900,0.796200,0.845139,0.672917,0.980500,0.177900,0.621100,1.000000,0.077900,0.909400,9.000000
0.807333,0.649667,0.061200,0.804700,0.842142,0.677677,0.985900,0.184900,0.621700,0.989500,0.097500,0.887100,9.000000
0.812333,0.646333,0.072600,0.795700,0.840635,0.668851,0.992600,0.185900,0.614600,1.000000,0.056100,0.936100,9.000000
0.810333,0.641000,0.052700,0.791000,0.838276,0.663103,0.982500,0.187400,0.609600,1.000000,0.121000,0.866500,9.000000
0.816333,0.649667,0.068900,0.795800,0.851530,0.677677,0.992900,0.174900,0.621200,1.000000,0.086400,0.898700,9.000000
0.811333,0.643667,0.075700,0.793300,0.840470,0.666782,0.992600,0.184800,0.613200,1.000000,0.180100,0.809500,9.000000
0.811667,0.641667,0.055400,0.790600,0.843144,0.666551,1.000000,0.183200,0.612000,0.863200,0.076900,0.911800,9.000000
0.806667,0.655000,0.054600,0.812000,0.839112,0.681345,0.968300,0.185400,0.628000,0.996600,0.087200,0.898000,9.000000
0.800667,0.637333,0.086700,0.796000,0.834607,0.664350,0.987100,0.190700,0.612600,0.998900,0.085900,0.906000,9.000000
0.808333,0.645333,0.053100,0.798400,0.839681,0.670360,0.982400,0.185100,0.617900,0.998800,0.119200,0.857600,9.000000
0.817667,0.646667,0.036400,0.790900,0.851440,0.673377,0.990100,0.171800,0.620600,0.883200,0.077200,0.894600,9.000000
0.809333,0.643000,0.050700,0.794500,0.840429,0.667705,0.992600,0.186600,0.613200,0.963000,0.103100,0.878000,9.000000
0.817333,0.648667,0.060700,0.793600,0.847563,0.672658,0.988100,0.178000,0.617800,1.000000,0.049300,0.944900,9.000000
0.821000,0.644667,0.063100,0.785200,0.853430,0.670132,0.976000,0.168100,0.617200,0.988100,0.086500,0.900600,9.000000
0.814333,0.649667,0.060100,0.797800,0.845036,0.674161,0.990500,0.180500,0.618900,1.000000,0.045600,0.942000,9.000000
0.810000,0.644333,0.053100,0.795500,0.841704,0.669553,0.987600,0.183200,0.616700,0.997800,0.087200,0.898600,9.000000
0.816667,0.648667,0.055300,0.794300,0.850104,0.675226,0.990600,0.174900,0.619600,1.000000,0.100500,0.886500,9.000000
0.811667,0.648000,0.068700,0.798400,0.848432,0.677352,0.990300,0.177200,0.623300,1.000000,0.101200,0.884400,9.000000
0.816000,0.644000,0.085600,0.789200,0.847352,0.668744,0.992600,0.177400,0.614800,1.000000,0.074800,0.916700,9.000000
0.818333,0.656667,0.072600,0.802400,0.854507,0.685694,0.995500,0.174200,0.626100,0.998900,0.113600,0.876700,9.000000
0.824000,0.643333,0.053900,0.780700,0.855659,0.668051,0.982700,0.165700,0.616000,1.000000,0.085800,0.892700,9.000000
0.811667,0.639667,0.057900,0.788100,0.844606,0.665626,0.989900,0.179400,0.613000,1.000000,0.095200,0.891300,9.000000
0.806667,0.643667,0.048900,0.797900,0.835635,0.666782,0.983000,0.189100,0.614100,1.000000,0.086700,0.896900,9.000000
0.816000,0.648667,0.048000,0.794900,0.851182,0.676634,0.992800,0.174400,0.621000,0.998900,0.095200,0.879600,9.000000
0.807333,0.651667,0.063200,0.807200,0.836615,0.675302,0.983100,0.190000,0.622100,1.000000,0.173500,0.807800,9.000000
0.812333,0.645667,0.070800,0.794800,0.845007,0.671637,0.995200,0.181600,0.615400,1.000000,0.077700,0.913300,9.000000
0.811667,0.630333,0.092200,0.776600,0.840815,0.652970,0.992000,0.182100,0.602000,1.000000,0.069100,0.924400,9.000000
0.816667,0.651333,0.055000,0.797600,0.844536,0.673561,0.995300,0.183900,0.615600,1.000000,0.143400,0.840500,9.000000
0.816333,0.635333,0.062700,0.778300,0.845941,0.658377,0.994700,0.176200,0.607900,1.000000,0.104600,0.885800,9.000000
0.813000,0.652000,0.065700,0.802000,0.846287,0.678695,0.988500,0.180300,0.622800,1.000000,0.092800,0.895700,9.000000
0.805000,0.644333,0.074300,0.800400,0.837669,0.670482,0.992500,0.188400,0.617900,1.000000,0.139100,0.850600,9.000000
0.867333,0.522000,0.120000,0.601800,0.948251,0.570700,0.945900,0.052000,0.564500,0.961900,0.110500,0.873900,10.000000
0.869000,0.518000,0.164400,0.596100,0.947655,0.564885,0.814800,0.050900,0.561200,0.999700,0.169800,0.819800,10.000000
0.857333,0.517333,0.143900,0.603400,0.944893,0.570169,0.682900,0.051000,0.567000,0.942200,0.220700,0.776200,10.000000
0.869667,0.523000,0.139700,0.601400,0.953233,0.573255,0.972200,0.047700,0.566700,0.937600,0.094700,0.894400,10.000000
0.871667,0.527333,0.160200,0.605000,0.952988,0.576531,0.934800,0.047000,0.569200,0.991900,0.227400,0.765200,10.000000
0.874000,0.523000,0.100200,0.598400,0.950689,0.568891,0.806500,0.048000,0.565800,0.910600,0.169800,0.808600,10.000000
0.868000,0.520667,0.183300,0.599800,0.953148,0.571742,0.606100,0.042900,0.570900,0.974200,0.105900,0.883900,10.000000
0.867000,0.527667,0.189500,0.608600,0.944102,0.574592,1.000000,0.056500,0.569100,0.935100,0.150700,0.839000,10.000000
0.860000,0.520667,0.123900,0.605400,0.945748,0.572581,0.821400,0.053000,0.570000,0.966400,0.125800,0.862600,10.000000
0.864000,0.521667,0.171800,0.603800,0.950495,0.573891,0.812500,0.048200,0.570400,0.979100,0.041800,0.954400,10.000000
0.855667,0.525000,0.160900,0.613600,0.936861,0.574818,0.878800,0.062700,0.570300,0.986200,0.100000,0.893900,10.000000
0.866667,0.528000,0.124000,0.609200,0.941688,0.573705,0.970600,0.059700,0.567700,0.909900,0.183400,0.802800,10.000000
0.866000,0.520667,0.153800,0.601200,0.939602,0.564919,0.642900,0.057700,0.563700,0.857000,0.240400,0.753700,10.000000
0.858000,0.518667,0.068200,0.604500,0.947368,0.572690,0.709700,0.050200,0.570900,0.839500,0.175700,0.771600,10.000000
0.869000,0.522333,0.134500,0.601100,0.947655,0.569611,0.787900,0.050700,0.566300,0.854900,0.189800,0.803500,10.000000
0.867000,0.521333,0.158200,0.601300,0.949963,0.571220,0.731700,0.047000,0.567900,0.996600,0.134000,0.856300,10.000000
0.868667,0.527333,0.110100,0.607100,0.950748,0.577162,0.888900,0.048400,0.572600,0.932100,0.168800,0.811500,10.000000
0.861000,0.524667,0.202400,0.609400,0.945461,0.576135,0.750000,0.052300,0.573400,0.940100,0.138300,0.860000,10.000000
0.863000,0.522000,0.057300,0.604900,0.945235,0.571742,0.407400,0.049400,0.573200,0.708200,0.222100,0.738600,10.000000
0.867333,0.524333,0.163500,0.604500,0.947215,0.572625,0.775500,0.050000,0.568300,0.924500,0.096600,0.895600,10.000000
0.870333,0.522667,0.110200,0.600500,0.950491,0.570805,0.866700,0.048400,0.565500,0.980100,0.146500,0.840700,10.000000
0.873333,0.521667,0.136500,0.597300,0.950653,0.567852,0.628600,0.045500,0.566700,0.982300,0.257500,0.721100,10.000000
0.870333,0.526333,0.215200,0.604700,0.949109,0.573973,0.871800,0.049800,0.569500,0.918300,0.170400,0.828000,10.000000
0.851667,0.518000,0.142500,0.608200,0.937959,0.570485,0.944400,0.062400,0.564200,0.896600,0.202500,0.790400,10.000000
0.868000,0.524000,0.172800,0.603700,0.947943,0.572261,0.921100,0.052000,0.566500,0.977700,0.149400,0.839700,10.000000
0.870000,0.526333,0.125600,0.605000,0.955344,0.577965,0.976700,0.045600,0.569500,0.898300,0.175600,0.818500,10.000000
0.861000,0.527000,0.111800,0.612100,0.946501,0.579333,0.868400,0.052400,0.575000,0.943000,0.139900,0.825200,10.000000
0.871333,0.518667,0.146300,0.595300,0.944023,0.561936,0.633300,0.052500,0.560700,0.889000,0.182500,0.811700,10.000000
0.861000,0.525000,0.115600,0.609800,0.945807,0.576712,0.931800,0.054200,0.569600,0.865600,0.052000,0.941000,10.000000
0.864333,0.513667,0.169600,0.594300,0.943595,0.560771,0.588200,0.054200,0.560200,0.880200,0.220800,0.776400,10.000000
0.863333,0.524667,0.129200,0.607700,0.941476,0.572156,0.866700,0.058300,0.566000,0.896500,0.179100,0.808400,10.000000
0.869333,0.526000,0.211200,0.605100,0.949399,0.574445,0.916700,0.050600,0.566700,0.943000,0.226000,0.756000,10.000000
0.870000,0.528667,0.137400,0.607700,0.949782,0.577147,1.000000,0.051200,0.570900,0.915800,0.164300,0.826900,10.000000
0.869000,0.527000,0.113000,0.606400,0.944908,0.573034,0.764700,0.053100,0.569800,0.865200,0.250400,0.734900,10.000000
0.868333,0.522667,0.126900,0.601900,0.951772,0.572890,0.857100,0.047500,0.568000,0.966000,0.126400,0.867100,10.000000
0.880000,0.523333,0.129300,0.594700,0.952038,0.566174,0.971400,0.049200,0.560000,0.926400,0.342900,0.650300,10.000000
0.865333,0.520333,0.161600,0.601300,0.944000,0.567636,0.714300,0.053600,0.565500,0.861300,0.264900,0.730900,10.000000
0.860667,0.519333,0.115100,0.603400,0.941992,0.568406,0.868400,0.056800,0.562900,0.778700,0.179400,0.814200,10.000000
0.864667,0.525000,0.158300,0.607200,0.951577,0.577770,0.947400,0.048700,0.571900,0.984100,0.090900,0.903500,10.000000
0.862667,0.524333,0.121900,0.607800,0.946598,0.575347,0.771400,0.051800,0.571700,0.959400,0.117400,0.880600,10.000000
0.868000,0.512333,0.310800,0.590200,0.952102,0.561974,0.200000,0.045100,0.563300,0.861300,0.151700,0.846800,11.000000
0.869333,0.509667,0.197300,0.586300,0.951131,0.557622,0.181800,0.045800,0.558900,0.907500,0.137600,0.859400,11.000000
0.857667,0.511333,0.141600,0.596200,0.950148,0.566470,0.750000,0.048900,0.565200,0.928900,0.187700,0.809100,11.000000
0.866667,0.516000,0.109100,0.595400,0.954128,0.568073,0.600000,0.044600,0.568000,0.865000,0.254700,0.729800,11.000000
0.870667,0.513333,0.182300,0.589600,0.957829,0.564723,0.700000,0.041200,0.563800,0.863000,0.246700,0.740000,11.000000
0.874667,0.517667,0.150400,0.591800,0.954529,0.564933,0.642900,0.043900,0.564500,0.966000,0.103600,0.884800,11.000000
0.870000,0.514333,0.198100,0.591200,0.960265,0.567697,0.555600,0.038400,0.567500,0.976400,0.060900,0.933100,11.000000
0.863667,0.516667,0.154200,0.598200,0.945620,0.565693,0.571400,0.053400,0.565300,0.956100,0.112000,0.882200,11.000000
0.862000,0.517333,0.206400,0.600200,0.952837,0.571850,0.666700,0.045900,0.571200,0.920400,0.184600,0.815400,11.000000
0.863667,0.516000,0.158700,0.597500,0.953274,0.569536,0.200000,0.045300,0.570200,0.901700,0.103800,0.889900,11.000000
0.856667,0.515667,0.195500,0.601900,0.941047,0.566459,0.250000,0.056900,0.567400,0.993000,0.135100,0.860900,11.000000
0.866000,0.516000,0.135700,0.595800,0.944384,0.562704,0.500000,0.054600,0.562800,0.885200,0.240800,0.743200,11.000000
0.868000,0.516667,0.141700,0.595200,0.946909,0.563636,0.750000,0.052500,0.562900,0.880800,0.307500,0.682500,11.000000
0.858667,0.516333,0.181600,0.601300,0.950904,0.571798,0.909100,0.048900,0.570400,0.945600,0.165000,0.831600,11.000000
0.870667,0.516333,0.118900,0.593000,0.953285,0.565328,0.800000,0.046500,0.564300,0.846200,0.184800,0.809800,11.000000
0.867000,0.513000,0.184300,0.591700,0.955547,0.565393,0.285700,0.042700,0.566100,0.961900,0.113600,0.880800,11.000000
0.863667,0.519667,0.066700,0.601700,0.948389,0.570644,0.571400,0.049700,0.570400,0.843200,0.203700,0.744600,11.000000
0.859000,0.515667,0.335200,0.600300,0.949521,0.570007,0.750000,0.049900,0.569000,0.960500,0.138600,0.859800,11.000000
0.864000,0.520667,0.186400,0.602600,0.951193,0.573211,1.000000,0.049000,0.571400,0.922300,0.094000,0.899300,11.000000
0.864667,0.515667,0.142600,0.596400,0.951577,0.567498,0.625000,0.047400,0.567100,0.900800,0.108300,0.883200,11.000000
0.868000,0.513333,0.154400,0.591400,0.955246,0.564930,0.625000,0.043800,0.564800,0.974200,0.118800,0.871000,11.000000
0.877333,0.515000,0.153700,0.587000,0.958136,0.562432,0.666700,0.040900,0.562100,0.822700,0.197100,0.798600,11.000000
0.869667,0.518333,0.122800,0.596000,0.953582,0.568348,0.900000,0.046200,0.566900,0.934300,0.149800,0.836900,11.000000
0.860333,0.516000,0.171000,0.599800,0.949945,0.569746,0.250000,0.045900,0.571600,0.940300,0.143300,0.853500,11.000000
0.869667,0.515000,0.141100,0.592200,0.949763,0.562432,0.555600,0.048900,0.562200,0.994300,0.288500,0.690100,11.000000
0.870000,0.515000,0.084900,0.592000,0.959912,0.568224,0.777800,0.039500,0.567500,0.959300,0.287600,0.681900,11.000000
0.860333,0.515000,0.203000,0.598600,0.949246,0.568224,0.666700,0.050100,0.568000,0.912800,0.166900,0.823000,11.000000
0.873333,0.518667,0.147700,0.593900,0.949964,0.564177,0.300000,0.047700,0.564900,0.940100,0.171900,0.818700,11.000000
0.849333,0.505333,0.149400,0.595000,0.937799,0.557968,0.625000,0.061300,0.557800,0.885600,0.218100,0.775700,11.000000
0.866667,0.513667,0.118400,0.592700,0.949945,0.563025,0.500000,0.048400,0.563300,0.825500,0.128500,0.867700,11.000000
0.861000,0.514667,0.117400,0.597800,0.941327,0.562682,0.800000,0.057900,0.561000,0.988500,0.120600,0.862800,11.000000
0.867000,0.516333,0.228100,0.595500,0.952747,0.567399,0.888900,0.046800,0.565100,0.905800,0.175600,0.822900,11.000000
0.870000,0.521000,0.128000,0.598900,0.952903,0.570646,0.636400,0.045800,0.570400,0.871000,0.204100,0.791600,11.000000
0.868000,0.517000,0.159700,0.595600,0.948980,0.565233,0.400000,0.050000,0.565500,0.883200,0.235700,0.762700,11.000000
0.868333,0.516000,0.116900,0.594200,0.954212,0.567033,0.500000,0.044100,0.567300,0.729500,0.262900,0.730600,11.000000
0.877667,0.514667,0.117900,0.586400,0.953295,0.559015,0.333300,0.045400,0.559500,0.902000,0.277400,0.705800,11.000000
0.865667,0.515000,0.166600,0.594900,0.948503,0.564280,0.571400,0.050500,0.564300,0.954400,0.154500,0.840400,11.000000
0.864333,0.517667,0.150300,0.598900,0.950513,0.569282,0.500000,0.048200,0.569500,0.842400,0.201400,0.791400,11.000000
0.861333,0.513333,0.147300,0.596000,0.953154,0.568056,0.400000,0.045800,0.568400,0.988000,0.096700,0.896000,11.000000
0.863000,0.517333,0.141900,0.599500,0.951139,0.570169,0.692300,0.047600,0.569400,0.910700,0.118100,0.874800,11.000000
0.996000,0.996000,0.046700,1.000000,0.996000,0.996000,0.998000,0.006000,0.994000,0.994900,0.119200,0.836100,12.000000
0.996333,0.996333,0.058400,1.000000,0.996333,0.996333,0.994700,0.002000,0.998000,0.996900,0.139200,0.842400,12.000000
0.996333,0.996333,0.047500,1.000000,0.996333,0.996333,0.996700,0.004000,0.996000,0.994500,0.128000,0.829300,12.000000
0.998333,0.998333,0.056900,1.000000,0.998333,0.998333,0.998700,0.002000,0.998000,0.992000,0.138100,0.831700,12.000000
0.996333,0.996333,0.045000,1.000000,0.996333,0.996333,0.994700,0.002000,0.998000,0.943600,0.130000,0.826500,12.000000
0.990333,0.990333,0.039600,1.000000,0.990333,0.990333,0.984700,0.004000,0.996000,0.922200,0.118800,0.838900,12.000000
0.993333,0.993333,0.052300,1.000000,0.993333,0.993333,0.993300,0.006700,0.993300,0.992900,0.118200,0.833100,12.000000
0.997000,0.997000,0.055300,1.000000,0.997000,0.997000,0.998000,0.004000,0.996000,0.994500,0.135600,0.827100,12.000000
0.995333,0.995333,0.049700,1.000000,0.995333,0.995333,0.994700,0.004000,0.996000,0.979700,0.145100,0.809200,12.000000
0.997333,0.997333,0.047500,1.000000,0.997333,0.997333,0.999300,0.004700,0.995300,0.993600,0.142600,0.815200,12.000000
0.993667,0.993667,0.057300,1.000000,0.993667,0.993667,0.996000,0.008700,0.991300,0.993100,0.125900,0.839200,12.000000
0.997333,0.997333,0.054800,1.000000,0.997333,0.997333,0.996000,0.001300,0.998700,0.996200,0.105400,0.860000,12.000000
0.992667,0.992667,0.043800,1.000000,0.992667,0.992667,0.992000,0.006700,0.993300,0.986800,0.144300,0.806800,12.000000
0.998667,0.998667,0.058600,1.000000,0.998667,0.998667,1.000000,0.002700,0.997300,0.994000,0.139900,0.827400,12.000000
0.995333,0.995333,0.045600,1.000000,0.995333,0.995333,0.995300,0.004700,0.995300,0.995400,0.117100,0.834100,12.000000
0.996000,0.996000,0.063300,1.000000,0.996000,0.996000,0.998000,0.006000,0.994000,0.974300,0.123000,0.853400,12.000000
0.994333,0.994333,0.046100,1.000000,0.994333,0.994333,0.993300,0.004700,0.995300,0.993800,0.135700,0.814200,12.000000
0.996667,0.996667,0.045800,1.000000,0.996667,0.996667,0.995300,0.002000,0.998000,0.994700,0.114100,0.840700,12.000000
0.994333,0.994333,0.060500,1.000000,0.994333,0.994333,0.996000,0.007300,0.992700,0.988300,0.136700,0.831900,12.000000
0.996333,0.996333,0.048900,1.000000,0.996333,0.996333,0.994000,0.001300,0.998700,0.994300,0.128000,0.828800,12.000000
0.996333,0.996333,0.049000,1.000000,0.996333,0.996333,0.998000,0.005300,0.994700,0.984300,0.125900,0.836500,12.000000
0.992333,0.992333,0.051000,1.000000,0.992333,0.992333,0.997300,0.012700,0.987300,0.988900,0.136800,0.820200,12.000000
0.995667,0.995667,0.046400,1.000000,0.995667,0.995667,0.994000,0.002700,0.997300,0.994200,0.136200,0.819800,12.000000
0.993333,0.993333,0.057400,1.000000,0.993333,0.993333,0.995300,0.008700,0.991300,0.985400,0.133000,0.831500,12.000000
0.994000,0.994000,0.050200,1.000000,0.994000,0.994000,0.994700,0.006700,0.993300,0.992300,0.145100,0.815700,12.000000
0.994667,0.994667,0.045100,1.000000,0.994667,0.994667,0.991300,0.002000,0.998000,0.975100,0.134800,0.816400,12.000000
0.994667,0.994667,0.042300,1.000000,0.994667,0.994667,0.991300,0.002000,0.998000,0.944000,0.114200,0.842100,12.000000
0.995667,0.995667,0.059600,1.000000,0.995667,0.995667,0.993300,0.002000,0.998000,0.996700,0.121400,0.845900,12.000000
0.995667,0.995667,0.042600,1.000000,0.995667,0.995667,0.998000,0.006700,0.993300,0.980700,0.137300,0.816000,12.000000
0.995333,0.995333,0.051500,1.000000,0.995333,0.995333,0.998700,0.008000,0.992000,0.984800,0.139700,0.831500,12.000000
0.990333,0.990333,0.050500,1.000000,0.990333,0.990333,0.988000,0.007300,0.992700,0.986300,0.152600,0.816500,12.000000
0.996000,0.996000,0.042900,1.000000,0.996000,0.996000,0.996700,0.004700,0.995300,0.984800,0.137500,0.814600,12.000000
0.997667,0.997667,0.051400,1.000000,0.997667,0.997667,0.998000,0.002700,0.997300,0.991800,0.141700,0.824800,12.000000
0.998000,0.998000,0.041800,1.000000,0.998000,0.998000,0.998000,0.002000,0.998000,0.989900,0.127100,0.812500,12.000000
0.995000,0.995000,0.047300,1.000000,0.995000,0.995000,0.996000,0.006000,0.994000,0.985200,0.135100,0.822600,12.000000
0.994333,0.994333,0.050400,1.000000,0.994333,0.994333,0.996700,0.008000,0.992000,0.988500,0.136100,0.825600,12.000000
0.996333,0.996333,0.043800,1.000000,0.996333,0.996333,0.998000,0.005300,0.994700,0.982800,0.144400,0.800500,12.000000
0.999333,0.999333,0.051200,1.000000,0.999333,0.999333,1.000000,0.001300,0.998700,0.989900,0.126000,0.843700,12.000000
0.996667,0.996667,0.048800,1.000000,0.996667,0.996667,0.999300,0.006000,0.994000,0.994500,0.121100,0.831500,12.000000
0.996333,0.996333,0.045500,1.000000,0.996333,0.996333,0.998000,0.005300,0.994700,0.992500,0.121400,0.828300,12.000000
0.901000,0.515333,0.197300,0.572000,0.952431,0.544750,0.000000,0.047600,0.544700,1.000000,0.210600,0.773600,13.000000
0.905333,0.513333,0.194500,0.567000,0.954322,0.541110,0.000000,0.045700,0.541100,0.976800,0.223200,0.765900,13.000000
0.901333,0.511000,0.097200,0.566900,0.952448,0.539979,0.000000,0.047600,0.540000,0.986000,0.254800,0.699800,13.000000
0.905000,0.515333,0.300100,0.569400,0.952966,0.542647,0.000000,0.047000,0.542600,1.000000,0.223400,0.764300,13.000000
0.912333,0.516000,0.517100,0.565600,0.956993,0.541259,0.000000,0.043000,0.541300,1.000000,0.245000,0.749500,13.000000
0.911333,0.513667,0.274300,0.563600,0.955610,0.538623,0.000000,0.044400,0.538600,0.964200,0.182600,0.806100,13.000000
0.913333,0.514667,0.065200,0.563500,0.960393,0.541185,0.000000,0.039600,0.541200,0.996600,0.361900,0.540500,13.000000
0.899333,0.515000,0.175100,0.572600,0.946667,0.542105,0.000000,0.053300,0.542100,0.998900,0.240600,0.739500,13.000000
0.899000,0.511667,0.191200,0.569200,0.951994,0.541828,0.000000,0.048000,0.541800,0.999700,0.213400,0.770800,13.000000
0.906000,0.519667,0.202600,0.573600,0.955696,0.548172,0.000000,0.044300,0.548200,1.000000,0.164600,0.815000,13.000000
0.892333,0.515000,0.115200,0.577100,0.941942,0.543631,0.000000,0.058100,0.543600,1.000000,0.264400,0.687500,13.000000
0.901000,0.518000,0.190800,0.574900,0.946429,0.544118,0.000000,0.053600,0.544100,1.000000,0.211900,0.767100,13.000000
0.903667,0.514667,0.123600,0.569500,0.947571,0.539671,0.000000,0.052400,0.539700,1.000000,0.234500,0.725500,13.000000
0.902000,0.517333,0.312000,0.573500,0.951142,0.545518,0.000000,0.048900,0.545500,0.999700,0.190900,0.801200,13.000000
0.912333,0.515333,0.104600,0.564900,0.956659,0.540370,0.000000,0.043300,0.540400,0.991000,0.279400,0.688600,13.000000
0.909667,0.512667,0.213900,0.563600,0.957208,0.539460,0.000000,0.042800,0.539500,1.000000,0.180500,0.806400,13.000000
0.908667,0.518000,0.151400,0.570100,0.954148,0.543927,0.000000,0.045900,0.543900,1.000000,0.278500,0.694100,13.000000
0.901000,0.516000,0.179100,0.572700,0.949420,0.543730,0.000000,0.050600,0.543700,1.000000,0.226200,0.751400,13.000000
0.904000,0.523000,0.238100,0.578500,0.952916,0.551300,0.000000,0.047100,0.551300,0.999700,0.210000,0.779600,13.000000
0.899667,0.514000,0.149100,0.571300,0.953710,0.544876,0.000000,0.046300,0.544900,0.991800,0.214600,0.754700,13.000000
0.907000,0.513333,0.247400,0.566000,0.954402,0.540161,0.000000,0.045600,0.540200,1.000000,0.215200,0.775200,13.000000
0.911333,0.516000,0.202900,0.566200,0.957954,0.542397,0.000000,0.042000,0.542400,1.000000,0.244400,0.735100,13.000000
0.906000,0.515000,0.158100,0.568400,0.953350,0.541915,0.000000,0.046700,0.541900,1.000000,0.163300,0.811000,13.000000
0.905000,0.514333,0.229000,0.568300,0.953635,0.541974,0.000000,0.046400,0.542000,1.000000,0.172200,0.813000,13.000000
0.902000,0.513000,0.229500,0.568700,0.950808,0.540759,0.000000,0.049200,0.540800,1.000000,0.197900,0.774500,13.000000
0.906333,0.514667,0.178700,0.567900,0.959760,0.545005,0.000000,0.040200,0.545000,0.961600,0.210000,0.774500,13.000000
0.899667,0.516667,0.128900,0.574300,0.951022,0.546159,0.000000,0.049000,0.546200,0.967300,0.230900,0.737400,13.000000
0.909667,0.518333,0.174500,0.569800,0.953529,0.543326,0.000000,0.046500,0.543300,0.999700,0.247500,0.736600,13.000000
0.901000,0.513333,0.172500,0.569700,0.949420,0.540920,0.000000,0.050600,0.540900,0.967300,0.193900,0.796500,13.000000
0.900000,0.514667,0.203500,0.571900,0.950704,0.543662,0.000000,0.049300,0.543700,1.000000,0.223200,0.751400,13.000000
0.895667,0.513667,0.161400,0.573500,0.942807,0.540702,0.000000,0.057200,0.540700,0.988200,0.209500,0.765000,13.000000
0.901667,0.515667,0.238600,0.571900,0.952465,0.544718,0.000000,0.047500,0.544700,0.999700,0.160800,0.819900,13.000000
0.906000,0.517333,0.181200,0.571000,0.954019,0.544753,0.000000,0.046000,0.544800,0.987000,0.211000,0.776100,13.000000
0.906333,0.522000,0.216900,0.575900,0.949040,0.546597,0.000000,0.051000,0.546600,0.999700,0.245700,0.741400,13.000000
0.907333,0.514000,0.273900,0.566500,0.955758,0.541433,0.000000,0.044200,0.541400,1.000000,0.201100,0.793300,13.000000
0.910667,0.513667,0.162800,0.564100,0.956583,0.539566,0.000000,0.043400,0.539600,1.000000,0.238700,0.744500,13.000000
0.899000,0.515000,0.160400,0.572900,0.947646,0.542867,0.000000,0.052400,0.542900,0.999700,0.213900,0.764900,13.000000
0.900333,0.518000,0.132200,0.575300,0.949051,0.546030,0.000000,0.050900,0.546000,0.990100,0.289500,0.674300,13.000000
0.903667,0.513333,0.115000,0.568100,0.954241,0.542063,0.000000,0.045800,0.542100,0.999100,0.214300,0.732100,13.000000
0.902333,0.517000,0.216400,0.573000,0.952163,0.545550,0.000000,0.047800,0.545600,0.999700,0.195400,0.781600,13.000000
